{"cameraMode":{"drawMode":0,"name":"Shaded","section":"Shading Mode"},"sceneLighting":true,"audioPlay":false,"sceneViewState":{"m_AlwaysRefresh":false,"showFog":true,"showSkybox":true,"showFlares":true,"showImageEffects":true,"showParticleSystems":true,"showVisualEffectGraphs":true,"m_FxEnabled":true},"in2DMode":false,"pivot":{"x":1.9345648288726807,"y":0.42856472730636599,"z":-1.308467984199524},"rotation":{"x":0.1844668835401535,"y":0.7444025278091431,"z":-0.22904466092586518,"w":0.5995067358016968},"size":1.4660253524780274,"orthographic":false}