{"cameraMode":{"drawMode":0,"name":"Shaded","section":"Shading Mode"},"sceneLighting":true,"audioPlay":false,"sceneViewState":{"m_AlwaysRefresh":false,"showFog":true,"showSkybox":true,"showFlares":true,"showImageEffects":true,"showParticleSystems":true,"showVisualEffectGraphs":true,"m_FxEnabled":true},"in2DMode":false,"pivot":{"x":1.2394285202026368,"y":2.2776055335998537,"z":-2.9061248302459719},"rotation":{"x":0.22854115068912507,"y":0.42995691299438479,"z":-0.11345493793487549,"w":0.8660733699798584},"size":2.9660253524780275,"orthographic":false}